Urban Pads,73.83848627335874
21 Chelsea,72.57663058150371
250 East Houston,77.1213355244781
The Ludlow,78.22502812891919
Avalon Bowery Place,77.61109713231534
The Greystone,79.37958729268723
Loftey,78.98742513637765
Post Luminaria,80.18101732913682
The Lanthian Apartments,78.28537044873451
MiMA,76.48679316037223
The Dylan,78.26848451676778
24 Fifth Avenue,66.17675315839934
AVA Fort Greene,70.04185631566527
The Courtney House,68.76810105474716
The Dakota,65.79896787757752
The Brooklyner Apartments,78.37050687718984
95 Wall,74.43734930160336
AVA DoBro,77.756691080565
Astoria Apartments,61.11672534889773
Historic Front Street,78.72180485147443
APT212,72.24005695109989
The Tate,75.6249580907174
Urban American Management,75.09344937952434
77 Hudson,0.0
Gotham West,73.01106699475724
200 Water Street Apartments,77.73031507016098
3333 Broadway,79.63395362353494
Prism at Park Avenue South Apartments,77.70251726304485
East Village Apartments By Sudha,76.36876894485275
The Churchill,78.02517154693979
SharedEasy,73.54250523604459
City Wide Apartments,73.33716251849644
Murray Hill Marquis,77.49962074585736
Nooklyn,77.96457403341235
146S4,69.12297424535248
Atlas New York,74.46401146217475
70 Pine,73.97298347136692
Building Equity Management,75.84298244051881
The BLVD Collection,0.0
AKA Central Park,76.65099433641737
75 Wall Street,74.36443620575574
Village Dwellings,72.13519795800124
Barclay Tower - Glenwood,71.2305050400177
424 Bedford,68.34663207859352
The Modern,0.0
Windsor at Liberty House,0.0
The Pinnacle,71.72125030739298
The Albert,65.24615774855039
City Tower,78.94081156126029
Herald Towers,76.37195469571984
Tribeca Park Luxury Apartments,59.35848804436709
The Edge,34.429380324301384
388 Bridge,79.08293276433812
Beatrice Apartments,74.28066331534731
34 Berry,47.55706091020391
Noonan Towers,62.501435824149354
Orion Condos,73.7708941448187
66 Rockwell Apartments,77.22561199937621
170 Amsterdam Apartments,78.68812564441207
DVORA Art House,0.0
88 Leonard,74.51243095052273
The Vanguard Chelsea,72.57104183875128
Avalon Willoughby Square,77.36890820941302
Chelsmore Apartments,70.91562584098547
INSTRATA Gramercy Apartments,79.83984091763308
21 West End,72.88296557880165
London Terrace,76.8400042641083
One Hudson Yards,70.08796468156596
20 Exchange Place Apartments,74.57737746271313
Sky,70.09628094767116
One North Fourth,27.61632259718275
Brick & Mortar,49.162480537538116
Avalon Riverview,40.41465299304041
175 Kent Apartments,38.26796911236936
The Westport,77.57339090513189
StuyTown,80.69936843736723
The Nicole,78.42928062345808
TF Cornerstone,79.14955521037164
180 Water Street,77.15327587905693
Metropolis,77.29449613785877
600 Washington Apartments,74.36098533284924
Avalon Brooklyn Bay,75.47257439079945
325 Kent,42.90669142516571
110 Horatio Street,61.73384556962627
89 Murray,69.87522545742306
VIA 57 West,64.61223523466943
The Markle Evangeline Residence,70.27943643673164
Northside Piers,39.59282434825651
Estuary Apartments,0.0
267 Pacific,75.04818090581108
The Eugene,75.11248724189073
Kips Bay Court,76.1427998882535
Luxury Apartments LIC,71.60555075847459
Chrystie,77.51408181501122
Our Lady of Good Counsel SRO,78.03068786019284
The Addison,78.10699040452988
Lenox Terrace Leasing,77.09186270169103
Newport Jersey City Apartments,0.0
Hub,78.04191333051145
Watermark LIC,69.27005682993511
The Sagamore,78.27399042895772
Halo,68.69061593610742
EOS,74.65253465391596
Frontier Luxury Apartments,76.69687636211007
AKA Sutton Place,77.73611102295212
461 Dean Apartments,72.57994102331897
DKLB BKLN,78.1550378027295
Icon Rental Apartments,69.17896534968746
Sloane Chelsea,78.32149221859873
Harrison Urby,0.0
The Apartment,69.32595037285645
Mandalay on the Hudson,0.0
Mantena Apartments,75.64264551973693
The Colorado,74.7353078842374
Kings and Queens Apartments,76.9423130005689
Chelsea Stratus Condo,72.70036671665633
TOWNSEND,75.06126155740296
West 54th Apartments,76.60977554083821
The Nathaniel,77.15987360976996
NYC Brooklyn Apartment & Bed and Breakfast,73.15688645285928
Big Apple Living,76.10992840434994
The Lexington,0.0
The Solaire,56.63208450995729
REAL New York,76.11119420164259
60 Water Street Apartments,76.70874609843995
Modera Lofts,0.0
Skygroup,70.22969014774937
777 6th Avenue Apartments,73.49713008704533
LeFrak City,75.81567818018044
Silver Towers,69.58954116866481
22 River Terrace,56.28209723533779
The Caroline,72.71247853508754
Waterline Square Luxury Rentals,72.42906020464667
Two Trees Management,66.0899534492167
MetroNest,59.11691030886087
Parker Towers,75.89390439796247
Highline Residential,77.92808360117078
Hayden,70.94263945729242
Parc East Apartments,76.16763020100744
Longacre House Apartments,72.06497536392017
Home New York,73.69771163992098
House 39,77.16388805659491
Wood Vitalize,75.8514375139201
Jackson Park,69.25352596197496
25 Jay Street,63.576160373126655
Alexander,77.27748545769589
BKLYN AIR,69.82029901595416
The Eagle,73.71321113973926
Chelsea Landmark,73.86844422580009
Avalon Clinton,74.63878245510958
Hudson View Gardens,77.74818890718296
OHM,66.39544783099805
The Balton,79.3842324216645
Crescent Club,72.81955830603172
Cooper & Cooper Real Estate,77.48847524386488
Sanctuary Guest Suites,72.08282443656515
Instrata Brooklyn Heights,76.50122099774165
Avalon Union,0.0
The Alabama,67.12643011858385
180 Montague Apartments,77.5626816282286
NY Casa Group,67.64748660767692
RiverHouse 11,0.0
AVA High Line,72.38216766883002
The Ashley,74.91852553702753
View 34,78.31574455578361
Bayside Bay Club,74.37930777725435
The Amberly Apartments,74.03379678679795
Park + Garden,0.0
15 Park Row,70.93331518910924
111 Worth Street Apartments,69.76862346147138
Leonard Pointe,70.98314730182742
Parkchester South Condominium,74.57891053439413
BKLYN  Gold,72.91227578386844
2222 Jackson,66.1217728065273
George Washington Apts,70.86687438531223
Parkside Brooklyn,56.36315835980509
Zeckendorf Towers,77.82044586263648
Tribeca House - 50 Murray,72.19037734853562
New York by Gehry,75.06770961670308
The Maximilian,37.96694426770842
The Capitol,73.96582334680491
420 Kent,49.352277687460635
AVE Union,0.0
Nolita Group,64.28629526672138
Parc Cameron Apartments,78.6185344694947
Lenox,0.0
One Carnegie Hill,79.78278896194522
Denizen Bshwk,57.07898390507615
Melar,78.17140109886023
Mercer Arms,0.0
The Archive,76.8751345140933
Savoy Park Apartments,75.49140542372334
21 West,72.15285456644712
Boulevard Gardens,70.689489819766
Nooklyn,64.74878060863665
Vantage Collection,0.0
Jersey City Urby,0.0
960 Willoughby Ave,62.68790663400935
Instrata Park Slope,63.97335950416915
Gateway,62.49180689093993
The Adele,77.96065444386403
Roomrs,49.55078723916193
The Webster Apartments,78.52111305920303
The Exo,76.85078931668761
Windsor Court,76.54340469635017
W Residence,69.127731222127
Troy Towers,0.0
Tower 28,71.64165738079888
235 Grand,0.0
Artisan Series,0.0
The Duchess,0.0
184 Kent Avenue Apartments,29.733463874771417
Atelier Apartments,56.779544142193245
Ten23 Apartments,76.7482969812537
Staten Island Urby,67.54724095386308
The Morgan at Provost Square,0.0
303 East 83rd Apartments,75.47274542478945
ARO,75.62207497859721
116 John Street,76.7207121474943
QLIC,75.20962066521992
Flatbush Rentals,75.25627726195778
River Watch,67.76239506509009
The Chelsea Apartments,76.17968898996395
Triplemint - New York,73.07529209900316
Duffield Apartments,72.87334566715414
Liberty Plaza - Glenwood,72.1761983156574
The Strathmore,77.24231292123183
Westminster City Living,77.2871133490748
The Offerman House,78.7045926413924
The Kestrel,73.07566939281293
Parc Coliseum Apartments,79.27778671253319
The Epic,74.88163544763776
Common Living,75.4122179369997
The Lively,0.0
Hoyt & Horn,78.60708987155579
WGD,79.18213026645141
Level,24.930008501903334
AVE Clifton,0.0
15 William NY,73.97241674729582
101 Bedford,52.87929775603446
Hoboken South Waterfront,0.0
Mariner's Landing,0.0
Smith Hanten Properties,69.03760151558058
The Zenith at Liberty Harbor,0.0
Bay One,0.0
Park Towers South,78.38704606614654
New York Living Solutions,75.08044729697392
15 Dunham Place,50.48719768632184
Court House Apartments Leasing,78.65493033833857
Warren at York by Windsor,0.0
Parc 77 Apartments,78.6185344694947
The Chocolate Factory,68.29337525602455
Wavecrest Gardens,70.51672794692644
Dean C Hawthorne - Concord,70.91688987321722
Union Square Apartments,79.56945720487076
Osprey Cove Apartments,0.0
Chelsea Tower,73.23145585164768
One Columbus Place,79.49698702639391
Beach Haven Apts #5 & #6,70.53827984789763
300 East 39th Apartments,76.95540528867218
10 Hanover Square,74.38387568602442
The Corner,79.70187813476352
St Agnes Residence,79.08399839381174
90W,72.05242435674744
NYC Short Lease,78.28387892130607
49 West Twelfth Tenants,69.01135500082698
Quinn,0.0
Albert Apartment Corporation,65.26423960942135
Harrison Station Apartments,0.0
Showcase Realty NYC,73.31850813284696
The Monterey,77.98386092098534
Broadway Kitchens & Baths,77.29604913726841
Vanderbilt Condominium,78.44478841838523
The Helena,71.29151400875811
Renaissance,74.99440518875656
Furnished Apartments,75.63441388280448
333 Grand,0.0
Tribeca Pointe,55.81188823517922
Caroline Sinno Photography,76.56663968277624
Canal Rubber Supl,67.57827800941412
568 Union Ave,60.22138322531062
The Gotham Apartments,0.0
30 Lincoln Plaza,78.1445295132774
Manhattan Park,58.69055283328217
Vermella Harrison,0.0
Kings & Queens Apartments,72.58488974636569
Greenwich Club Residences,71.56444853868655
Innovation Shades,69.70315629191876
Moda Upgraded Living,78.89413746327187
Crystal Point,0.0
Moda Realty,70.03492390650564
The Grand Tier Luxury Apartments - Glenwood,79.44159139841524
Cityspire Condo,77.52167305924688
The Westminster,74.11239229766106
Crystal Glass & Mirror,62.127435405855344
DVORA Hamilton House,0.0
Brown Harris Stevens - Cobble Hill,77.83132519476179
The Ashland,75.6108563722143
The Parkline,72.03309848342244
Mercedes House,74.63203788245691
Upper East Side Apartments,75.08585376699419
295J,0.0
Liberty Realty,0.0
Journal Squared,0.0
Halletts Point,67.52912816214595
535 W 43rd Street Apartments,74.2458605547971
111 Kent,33.806630375597265
NY Living Solutions,72.95750592232261
Helmsley Medical Tower,78.9955318398913
The Visionaire,70.0822534736686
The Victory,75.4631687118389
Stonehenge NYC,75.54090346380963
Parkhill City,74.0320586494262
be@schermerhorn,79.39321983336451
Manocherian Bros,79.64914391501334
The Thread,0.0
Carpet Time,77.23633292419703
1 QPS by Stonehenge,74.35043379151632
70 Greene Apartments,0.0
North Park Apts,73.49542709796658
Grand Adams Apartments,0.0
EHS St. George Towers Residence,72.24687346688494
46th and Lexington,75.99106543497287
Chinese Movers,68.81366785886945
MySpace NYC,71.3690061829039
Fordham Terrace,78.0514668488158
Riverton Square,78.69392674419073
The Landings at Port Imperial Apartments,0.0
The Marlowe - Glenwood,75.6239851048478
East River Place Park,75.97240700514789
The Mayfair - 145 Fourth Avenue,76.60767645962395
Avalon Cove,0.0
The Grand,76.05548059896628
The Grove,73.53149480797961
EHS New Yorker Residence,78.4872803972668
740 Park Avenue,73.29717553708448
Devonshire House,64.06302201036894
The Delmar,68.00216753910215
The Doric Apartments,0.0
Donald Lai - The Corcoran Group,58.985423196230286
Avalon North Bergen,0.0
Hamilton Square,0.0
Hudson Harbour Condominiums,0.0
Wall Patch,75.32561244266176
Waterside Plaza,72.18993225355402
66 Pearl,71.48711226833163
Shorecrest Towers,74.32053662183247
Nooklyn,72.14213095271167
The Lucerne - Glenwood,78.675483629009
Hudson Crossing Apartments,73.07302981341783
Yoreevo,70.8801156085798
The Arthur,76.67585672305805
TF Cornerstone,43.67946035197137
25 Broad at the Exchange,72.09256506665331
C+C Apartment Management,74.47646465498474
Fast Tech Pros,72.81999479258323
The Pierre Apartments,0.0
The Capstone,0.0
The Lyric,78.05106525669663
Hylan Dartmouth Staten Island Apartments,61.6362291864164
VYV,0.0
The Drake,75.7567008601413
Hahne & Co,0.0
NYCMedHousing,80.32268269369955
Avalon West Chelsea,67.76898065737895
Kips Bay Towers,76.89592558947106
Zen Space Makers,61.94399625315346
15 Central Park West,76.57329213397884
GoGo Furniture,80.37948419248562
The Sierra,69.24018093919256
Normandie Court,79.61926359756839
AKA Times Square,72.54463174947918
Janovic Paint and Decorating Center,72.79107623434572
221 Bergen,0.0
The Ritz Plaza,69.01772506715076
Manhattan Apartments,75.45370808843342
The Silverstein Collection,76.16911248402639
Hudson Tea Building,0.0
Homepolish,75.29341614374782
323 PINE,0.0
truffles,63.54893220646461
VINE Apartments,0.0
Rivercross,57.53776199516563
Crosstown Management,77.28204458575664
Spaces Fort Greene,77.11981864591627
63 Wall Street Apartments,74.30861557417722
Plaza 400,76.25919322734346
Equity Residential,74.36098533284924
The Nevins Condominiums,78.0835183572211
River Place,65.30730172863431
30 Park Ave,78.88057419239115
100 Maiden Lane Apartments,74.72721036513835
Rutherford Station Apartments,0.0
7W21,75.92963576927895
The Braswell Team at Compass,71.4094771012032
OpusArts Painting & Design,69.70120143433635
The Atelier Condo,67.82864736964598
90 West Street,70.42495744403337
Elika Real Estate,65.73433487441582
Furnished Habitat,78.57467636926646
Frank Galeano Real Estate,74.95492969173519
NY City Blinds,79.98533856863034
Residence Hall,73.5671860680527
One Third Ave,0.0
515 Ovington Ave,71.86077961328144
The Bristol - Glenwood,77.42123834233692
Dermot,74.17152346231167
Monterey at Lex,77.35690857928518
Organized by A,74.16536738646172
Novo417,76.04598416831142
The Oosten,51.67506466737865
33 Gold Street,75.41169615291685
Grove Pointe,0.0
163 Washington Ave Apartments,70.61557708994218
Columbus Square,77.48944461112536
Ocean Luxury Apartments,66.56650597990493
Brown Harris Stevens - Brooklyn Heights,71.68848608184258
The Corinthian Apartments,76.39851542610988
Modern Spaces-Astoria,77.80325067899425
555 Ten,74.87374749820098
Gramercy House,75.95929883143643
Gypsy Housing,68.88816234519624
Summit NYC,78.46795246666375
Artistic Stone,0.0
Silk Bldg Condo,63.374127540301586
Flushing Commons,71.13370027880686
Portside Towers Apartments,0.0
Symphony House,78.43240670752331
Dixon Mills,0.0
NYC Floor Pro,79.04254797759944
The Oakman,0.0
Tudor Realty Services,75.63063633745905
New York Tower,76.56838525790494
TLF Realty Group,77.48408282275412
Welcome Home Real Estate,72.94780353925584
Management Co Babad,76.30094498218446
The Harper at Harmon Meadow,0.0
Harbor Landing at Garvies Point,0.0
LaMatto Properties,78.91556804215048
Slate NYC,74.32739956016454
80 Meserole Street,77.46687882078147
The Wellesley,79.1009654112857
Harbor 1500,0.0
Riviera Electric,70.63171158455248
Leon Cato Photography,72.86009763806764
RiversEdge at Port Imperial,0.0
200W60,76.18795647039609
AKA United Nations,77.55086865748304
BRG Talbot,74.78283067829949
The Andover Luxury Apartments - Glenwood,77.81238368489944
Lumen Home Designs,68.9848810826677
The Villas,0.0
The Octagon,61.76815791853603
Rennit NYC,70.87491954007356
Horizon Realty,77.47395014036367
"MCKB, Manhattan Center for Kitchen and Bath",74.12828040589237
Wall Empire,77.0307235456423
Van Dyke Houses,76.11926782541421
The Milan Apartments,72.79415723093393
1871 House,69.69994439077644
3rd Space,0.0
Grymes Hills Apts,47.47482957830947
Mirador Real Estate,67.6713903113004
Skyline Apartments NYC,77.54702742285534
150 Clermont Ave,74.32207446968206
East Gate Apartments of Nutley,0.0
The Tempo Apartments,79.75357571169937
31 Ocean Parkway,73.34856247332769
One Madison Park,79.47877228281843
Steel Works Apartments,0.0
Related Companies,66.83849504134642
Linden Plaza Apartment,70.91593105458867
K&R Realty Management,78.04875692540207
Brooklyn Equities 11,79.10247865306957
The Wyoming - WAM Partners,76.79253144161645
Locksmith Brooklyn-4-U,65.80887410748407
Ellipse Apartments,0.0
TF Cornerstone,78.23439964000454
Oxford Property Group,78.26681417064515
Avalon Morningside Park,79.24351080775463
Hillel Realty Group,73.02581005885881
All Points Real Estate,78.55097226661668
20 Pine Street,70.99793556260238
American Copper Buildings,77.37539847425693
333 River Street Apts,0.0
Constantine Village,0.0
Rocket Factory Lofts,62.35721428239542
55 Hope,65.91375147238686
Tribeca Tower Luxury Apartments,76.80351257909987
Harbor Pointe,0.0
Flatbush Gardens,59.67541057048352
KJD AV Design,74.12227301087442
Beaudoin Realty,71.94457413729066
Universal Realty Group,74.55868825044139
OfficeOps,42.771801639880564
Lindsay Park Housing Corporation,76.75709998445069
Heatherwood Luxury Rentals,0.0
1209 Dekalb Apartments,71.35099606070058
Foundry Lofts,0.0
Independence Plaza,71.0294725246775
Xchange At Secaucus Junction,0.0
Observer Park Apartments,0.0
"Charie Properties, LLC",72.87206979524755
Vermella Lyndhurst,0.0
Tahar Décor,79.2553953175255
The Oyster at Edgewater Harbor,0.0
16 Bennett,0.0
Avalon Midtown West,71.76574517049606
Gold Street Lofts,76.23895426495531
Aurora,67.33020498794694
The Regent At Liberty Harbor,0.0
20 Broad,71.27754549613472
50 Rector Park,0.0
The Grande at Metro Park,0.0
Joanna Mayfield Marks - Brown Harris Stevens,64.06311187749759
The Cole Apartments,76.29771321382391
110 Green Street,32.35984251286258
800 Sixth,74.8521309057168
ACR Pro Contractors,50.32152236029795
Windsor at Mariners,0.0
Anagram NoMad,77.9524121215717
Dharma Home Suites,0.0
Astoria Tower 31,72.95152784638978
77 Saint Marks Place Apartment Building,75.15141489133688
Corporate Oakwood,72.09170707508405
R.E.M. Residential,76.53575431798609
The Green,0.0
Batra Group Real Estate,78.0020579854895
Town Soho,69.37798888196565
Element Condos & Apts,75.5443671218987
Empire One Realty,75.59927558157466
Northridge Coop Section 2,77.61250846209823
The Somerset Luxury Apartments - Glenwood,79.69915484663373
Andrew Jackson Condominium,69.4170618061564
Waters Edge At Elizabeth,0.0
Pink Dorms,78.93641777907223
Edgewater Towne Center,0.0
Clinton Street Lofts,0.0
Midwest Court,75.72067010375335
Roosevelt Landings,nan
"Urban Real Estate of New York, LLC",74.59165464837746
230 W 105,79.19758590534899
Merlot Management,79.24348059672461
Crystal Green Luxury Apartments - Glenwood,71.99541639972651
Brownstone Real Estate,62.21551151415638
71 Broadway Apartments,69.41688143037456
Time Equities,68.49064260443032
The Brompton,74.79408147625674
Brick Real Estate,73.11316158664424
Mark Plus Lofts,72.33233575689515
333 Rector Pl,66.20742386866974
Jamella Swift - Keller Williams NYC,74.40213970960458
Brooklyn Prime,60.287123934256314
Emily Sarrat,70.04625438494566
110 Livingston Development,78.99207085773668
151 East 80th Street,76.20934153019076
Copperwood Real Estate,75.70482174202681
Posthouse,67.10019937057871
S & H Equities,78.9499672657802
TF Cornerstone,51.90043360107719
Ground Up Home Inspections,51.6096779148548
Vandeck Builders,67.74608861937791
"New Vista Horizons, Inc.",78.35280863443927
Avanguard Realty,79.79832687344168
Skyline New Rochelle,0.0
Platinum Properties,74.79542067751247
Loisaida Realty,78.36970552037295
New Bedford Management,79.9430647714332
Gutnick Realty,76.86024764123042
Crystal House,71.41487774049382
Pan Am Equities,78.55570648788591
Soho Lofts Jersey City,0.0
Brooklyn Vertical,76.38701904877239
New York City Home Improvement Construction Corporation,77.08148748092768
Avalon at Wesmont Station,0.0
Shore Towers Condominium,66.56882621232857
La Premiere,77.82375877588174
Alta,68.874834397577
The Biltmore,68.42348256256209
Christie Property Group,72.42561785167932
Buono's Flooring,76.97693212597318
Union Square Property Management,73.6725244519034
Doric Brokerage,69.83382439135633
Renoir House Apartments,75.68131070493072
Brooklyn Heights Real Estate,74.94468207951718
Highline Residential,71.85690633820836
Blueground,75.08568119695066
Marc 900 8th Avenue,75.08275936561256
Aamen Realty,69.59232680193625
Karin Carson - Keller Williams Realty,0.0
Solil Management,77.32984275831443
Silver Suites Residences,70.5389597942371
Nycha Smith Houses,74.41833917600643
Carrie Bradshaw's Apartment,70.01078075003588
Chatham 44 Condominium,77.72113969321984
Margules Properties,74.13583940212644
TF Cornerstone,73.60736984240793
27 on 27th,72.7443606449244
Avalon Yonkers,0.0
Ryan Fazio - Bond New York,74.90088524983435
Novo Boutique Living,76.4237760778993
Arabella 101,77.25924765294681
Camelot at Bayonne,0.0
Essential New York Real Estate,75.20699240636489
Ivan Mijalkovic- Corcoran,58.02663995906599
Beach Haven Management Corporation,73.45625863778946
River Crossing,77.35170491570754
Quarters,78.29526203605133
Washington Geo Plaza Apts,69.36923174918641
172 Montague,76.69572552994632
Quintess Real Estate,79.22988869323171
The Clutter Whisperer of New York City,77.55581997389473
Doorkee,77.41323407795336
City Flats,79.25484355668615
Horderly,74.75449894245237
The Hammel,0.0
Seaview Apartments,71.39631197408002
Crisari Realty,78.09116811984885
50 Columbus,0.0
Trump Village,78.69633613909966
Seward Park Cooperative,78.51401692523358
Marjorie Thompson- Washington Realty Corp.,74.58850743915512
Berman Realty,63.871510102391
The Pier Apartments,0.0
Bellini Terrace,58.57861070161416
Spanish Princess Cleaning Services,73.55872251384525
Maple Gardens,0.0
100 Barclay,65.11692747862294
233 Schermerhorn Lofts,78.14415547522825
Eleven33,33.76221234113231
59 Kent - The Landmark Pencil Factory,26.1491840771809
The Highlands at Rye,0.0
The Pearson Court Square,64.94856722268653
990 Avenue of the Americas,75.04841204887967
The Corcoran Group - Brooklyn Heights,69.59134262199767
Student Rental NYC,79.51905243708595
HZ Computer,77.83080138367043
L Nelson & Associates Real Estate,75.92747947616924
The Stratford Luxury Apartments - Glenwood,79.18011917698475
One Day Bath NY,53.175705777561866
101 West End Apartments,79.63827457539088
Daniel Kuperhand - B&H Properties,76.98533505546843
Murray Hill Crescent,77.11420730306524
Olympia House,78.41300196895605
The Murray Park,78.43617985679718
77 Park Avenue Apartments,0.0
Townhouse Management Corporation,71.79746882517652
Hunter's Point South Commons,33.70491221069341
Delshah Capital,75.10347022223142
Nooklyn,53.81769588239246
Helmuth Pellegrino Team at The Corcoran Group,66.27411928713009
Biltmore Plaza,73.53179037478981
The Gateway,0.0
Luxe Micro,60.89159939560556
Toscano Floor Designs,70.42900027982459
Sovereign at Shipyard,0.0
G&G Tub & Tile Reglazing,36.96527978404871
Overall Assembly,79.36013061466309
The Hawthorne Apartments,0.0
Embankment House,0.0
RiverParc,0.0
Vandeveer Estates,50.36892513483664
Queenswood Apartments,77.83560720160546
The Buchanan,77.23157341859681
The Monarch,0.0
Bohemia Realty Group,78.90893982625101
New York City Electricians,74.38610255713854
Bonnie Berman,70.35665426059381
The Alexander,0.0
Shore Haven Apts,70.77123198397996
"Urban OrgaNYze, LLC",75.59227170520231
Tungsten Property,61.15902693708579
The Marc,76.3353728047857
"California Closets - New York, NY",79.22143836610887
Murray Hill Tower Apartments,78.65987392534778
Jessica White - The Corcoran Group,58.71054411715324
apartmentjeanie,75.61218889923853
Silklofts,0.0
Twenty50 by Windsor,0.0
Ocean Towers,77.52898440638029
Cityproof Windows,68.63495986993061
Standard Living Realty,56.36545052463641
Eden Rock Owners,68.45881686594898
Brooklyn's Best AC,73.31690528842678
Riverwalk Crossing,56.6917223025116
A to Z Renovations,76.32689255827057
Carnegie Park,78.72579923082891
The Clermont Armory,76.5475403902683
Crown Heights Apartments,75.84733112498202
Little Wolf Cabinet Shop,76.84337994773897
The Bromley,79.76895744065001
Andy Ryan Photographer,62.35939742545658
Reis,76.68014214136812
Village Living NYC Rentals,72.45746002930285
West 96th Apartments,77.98741501358379
Embassy House,77.84780592555754
Top Quality Management,56.40149707203379
JC Real Estate Capital,61.256794138785665
Palisade Terrace Apartments,0.0
Bronstein Properties,73.10261866292635
Brooklyn Warehouse 180,77.76215935138958
Rol Realty,77.5456250752109
Galaxy Towers,0.0
Roeblin Group,78.33758120105543
The Litvak Team,36.11184555299427
GPS Realty NYC,75.7983720728409
Hemisphere House,78.01483194874965
Awaye Realty Management,67.41208326702903
Spring Creek Towers,76.6899895578338
Ridgewood Collective,68.61813624931791
The Pierrepont,78.51810690642883
Classic Realty,73.2690211697493
Avalon Great Neck,0.0
AXE Realty NYC,55.614834995590044
Manhattan Life Real Estate,74.49530144327811
Serone Realty / Michael Sloan,73.05965932459254
The Junction Group,74.37137465673513
Choice New York Companies,76.60485208391624
Lang Realty,78.92725219612781
World Class Maintenance Inc.,0.0
Liberty Green,62.79126434618127
Park Plaza Owners Corporation,74.76844954522919
Hippodrome Concierge Services,75.9040952443992
Canal Lighting and Parts,66.15058877226363
540 West,75.44910081932483
Window Horizons - Hunter Douglas Shades And Blinds,76.65775258927174
500 Sterling Place,74.85549215921455
432 Park Avenue Luxury Apartments,74.00720885114481
67 Wall Street,74.10394777851221
Urban Dwellers NYC,69.70710531662311
Affordable Housing Real Estate Corporation,72.12639973477954
Bonnie's Maids,0.0
475 Clermont,74.18522303028651
Station at Lyndhurst,0.0
Stylish Window Treatments,77.93057082272556
Janovic Paint & Decorating Center,79.80927748309897
Metropolitan & Waterfront Residential Brokerage,0.0
Citi Living Solutions,78.0163408497829
RiverTrace,0.0
Bay Ridge Realty,70.445266087609
Big Apple Locksmith,69.95447363484935
Apex Hudson Riverfront,0.0
85 John Street,74.56844770678481
TF Cornerstone,66.27519225124713
Christina Brown Gardens,70.65940260215739
Fraziers Realty,73.78284863506039
Hampton Court Luxury Apartments - Glenwood,76.89933284915635
Lumber Boys,76.25428069433706
East River Housing Corporation,78.89361606107954
The Lara NYC,71.8904146968254
Bayonne Bay,0.0
Woodcrest At Clark,0.0
Harmon Cove Towers,0.0
Park Bayonne,0.0
Sovereign Associates,78.54402544010023
IFloorNY Hardwood Flooring,68.64274255164779
The Regent - Glenwood,78.53983081687085
Velsor Realty,68.21386389039347
The Link,73.94595715819611
Strictly Cleaning Restoration,55.70066166275955
Better Living Properties,77.0995619657919
Port Liberte,0.0
Aimco 240 W 73,79.69746613497347
Hollingsworth,74.89579901022259
The Montenegro of Astoria,78.52291558843635
B'Way Apartments,69.63058354212612
88 Greenwich,71.73375061199705
Midtown Luxury Skyrise,80.21159553616413
Progressive General Contractors,71.60496566864879
Beaux Arts Rental Ofc,78.31337708756715
Residential Hunters,72.53036431862175
Tapiro Realty,76.78009881954621
The Art of Tint,59.50746534638843
Horizon House,0.0
Water's Edge,0.0
Mark Greenberg Real Estate Company,75.72963052168393
Gamo Realty,77.54666531649976
The Opal,76.61434498818926
Oakes Pond At Bloomfield,0.0
Castle Braid,64.6665872742518
Avalon at Edgewater,0.0
Robin Pollisky,78.32621347501923
Peace of Mind Realty,78.43773307198249
Kennan Ash,78.2779036584234
Start to Finish Organizing,0.0
City Soundproofing,78.32149221859873
Domain Properties,76.478841774025
Riverbank,72.5591351472847
Premier Metro Realty,48.64483349630879
The VIP Team - COMPASS,0.0
DV Locksmith & Hardware,74.23714863728887
Madox Apartments,0.0
Danik Electrical,75.33771820299495
37 Wall Street,73.17324525293148
212-PAINTER,78.41974600520369
Teachers Village - Newark,0.0
Yan Lee - Brooklyn Heights Real Estate,75.21117427523276
Curtis Chance Realty,68.83687646870462
Diana Tian - Coldwell Banker Residential Brokerage,0.0
12 East 88 Street,54.41444065615664
Casino Home Inspections,0.0
Wall The Partition-Temporary Wall NYC-Pressurized Wall NYC,56.00080025175862
MidCiti Interiors Wallpaper Installation,75.38640198559882
Perfect Strangers of NYC,76.93337017341273
Briar Oaks,61.25429015097983
The Sovereign,73.21987650045511
Blackstone Properties Of New York,73.72450287091165
The Meurice - WAM Partners,76.4876225937101
Galaxy Towers Condominium Association,0.0
Great Neck Maids,0.0
The Classic Kew Gardens,73.72331394495762
Billiard Factory Lofts,76.02967938202036
Cityami,61.4527694285174
Cobalt Lofts,0.0
Kingsbridge Arms,70.18778613514887
Crown Gardens Housing Corporation,74.90184114301931
295 Central Park West,73.84529549596637
The Apthorp,79.0389009264162
Annette Akers - Serhant,71.57402858140155
Susan Chan Real Estate,68.40596559240464
Perfect Sublet,76.48330151564109
Brooklyn Blocks Real Estate,70.34275274421248
Ben Bay Realty Co,71.90081778501873
Citi Habitats,67.5600683824193
Shabir Ahmad - The Corcoran Group,58.74013337801314
Smith Woodward Plaza,76.57602669807815
Aaron Mazor - Town Real Estate,69.3960239191194
Marcos+Bruno Tile Replacement,68.38992044904471
Gentry Apartments,77.6849049817497
Aquablu,0.0
Canco Lofts Condominium Center,0.0
Pullover,76.70874609843995
1 Day Window Treatments,75.08239359598448
Troy Towers,0.0
North Queensview Homes,76.775782022116
Golden Touch Realty & Management,73.99149154631033
The Aldyn,71.8167422439956
American Dream Real Estate,76.24275245349364
Yorkshire Towers,76.72294029815696
360 West 43rd Street,73.88524351799671
Cliff View Gardens,0.0
10 East End Avenue,78.41583803449493
Goldin Management,76.72710175652607
Goodbye Clutter,62.83531889956603
Larry The Painter,73.33525849691591
Kate Spiro Interior Design,77.30990692583617
The Palisades,0.0
Chesterfields NYC,75.81619788869466
New York Dwellings,74.5494521336427
Secur-A-Door,63.99608732456069
Kings County Nurseries,72.02492705295207
Larstrand,79.73426743536082
NYKB,77.37013479915035
Arta Restoration,77.46456215860508
The Rivington Apartments,0.0
Dyno Moving,74.3329537545614
Milstein Properties -4,78.25988143303235
Roomeze,74.03245658264095
19 Dutch Apartments,72.1471366399169
Lexington Painting,77.75030272781562
LL Real Estate Services,68.47910953679282
River Hill Gardens,64.92239263080585
Organized by Nina,72.78656552701108
The Capri,75.85024653698247
Bright Movers,74.77563506176674
AIRE,78.24310133807043
3 Journal Square Apartments,0.0
210-220 East 22nd Street,79.12761643782548
Organic Tim’s Cleaning,0.0
Linden Hill No 2 Company-Op Corporation,70.58882713708442
The Brooklyn Zinc,75.85949062408525
Theater House,77.23125197240792
S & S Handyman,71.40630984581291
Sasha A Gurevich - EXP Realty,56.667420628905575
P W V Management,76.21807332986096
Citizens International Realty,63.33660235177311
Dugald Loughnan - Brown Harris Stevens,74.08412187187139
Esplanade Gardens,78.58030661599656
51st-52nd St Tenants Corporation,66.66542755899341
Jonathan Caldwell Noh,79.00298295064462
Penny Lane Owners Corporation,79.62290612180058
LoHo Realty,79.03029505799206
243 West End Owners,79.34882275368972
Airnizer,52.38228403652714
Cast Iron Lofts,0.0
Cut The Clutter,74.91420889993029
Astoria at Hallet's Cove,71.896149446871
Joelle Chilazi Compass Jersey City - Hoboken,0.0
Adam Miller - Compass,70.27901936747716
Carnegie Management,78.68496531041305
The Centria,78.43847580565748
David Wolff - Compass Real Estate,76.81888723601078
Mary Kae Higgins - Coldwell Banker Reliable,79.66566841223569
Mulberry South,70.09789321762126
Riva Pointe Developement,0.0
Mr. Handy NYC,75.83593894691829
SC Management Company,76.76584951459813
Anchor Associates Group,80.22942475585504
The Wave,36.39814982706112
Waterside Village,0.0
Third & Valley,0.0
Carroll Group Residential,75.1196951553367
Liberty Terrace,0.0
Beatriz Vargas- The Corcoran Group,72.71147596011133
Suzanne Remy Colton-Platinum Properties,72.07491708621477
Argo Residential,68.74590107638119
The Corcoran Group - Brooklyn Heights,79.00926921508037
Dwelling Group Real Estate,71.43833112684496
Faisal Masoud - Highline Residential,77.9060898095164
Quinn Ferree - Compass,71.63982626252962
511A Greene Realty,75.4359227760847
Military Park Building,0.0
Habitat,72.92104498714588
Amighini Architectural,0.0
Jonathan Abbou - Village Broker,75.14627546729389
Home Solutions,77.2059747442544
Jeff Putterman - Beaudoin Realty Group,72.1681338701454
LevinChang Team - Keller Williams,70.7121824817064
Hitchingham Electric,77.2023514289289
The Harrison,79.87800244558451
PropertyBook NYC,73.1835500428689
Fourth Housing Co,74.7665757825682
Piere Michel,73.02714624858247
Balsam Village,56.03278282241432
Rapid Realty CH Loft,71.41832886377968
Star Cities Management,73.40334624425184
Arid Basement Waterproofing,0.0
Bridge Suites,76.02533315550791
Tabak Real Estate,74.19882265039075
Brooklyn Connect,76.58975408162769
The Brownstones at Englewood South,0.0
Valet at One Carnegie Hill,79.78453320625982
The Manor at Totowa,0.0
E & Jeryg Management Company,73.66833321157615
Jonathan Barsness - Interior Painting,77.37676637878918
Aleph Living,77.79261924379604
Archview Flats,0.0
Century 21,72.13618371294626
Landlord Management,78.84490984452793
Riverfront at Cranford Station,0.0
Olympic City Real Estate,79.03081061372808
Renegade New York,53.23234993047316
The Van Dorn - WAM Partners,77.11203711470606
CitiQuiet Soundproof Windows,72.14904546516347
118 Fulton Street,72.25229604513618
Baby Bodyguards,63.530931095822126
Resource Furniture,79.36572140363384
Go Green,76.36198549196996
FENWICK KEATS Real Estate,75.42900172656994
River Club at Hudson Park Apartments,0.0
Sylvia Dimova - The Corcoran Group,69.66977723506265
Jonis Realty,75.22514346498934
372 9th Luxury Rentals,0.0
Piece of Cake Moving & Storage,79.25317432203707
Saldo Properties,78.31504161551132
Real Renos,74.40213970960458
4 Points Properties,72.47358629295064
Delta Properties Usa Incorporated,63.105082658613995
City Apartment Group,78.96731571328955
Post Towers,70.02954657379112
Scenic Hill Condominium Association,0.0
Wood Flooring Masters,76.89993919441855
New City Management,79.2141094981103
Bartunek Hardware,63.89081692877072
19 St Marks Apartments,73.14048548842074
Ny Steamers,74.56137089774893
Swoon Spaces,73.64284771789161
Gantry Park Landing,35.788283299193026
Urban Spaces Realty Group,60.710581898881024
Studio 19 WoodWorks,49.81358235140046
65 Bay Street,0.0
The Corcoran Group,73.82958968526188
Ernst & George Realty Group,67.74967694524064
Vermella Crossing,0.0
The Maestro Group,71.01277270892012
DoortoDoor Realty,77.29374454236601
Avalon Rockville Centre,0.0
Marine Park Apartments,57.48090985158452
Chelsea Lane Apartments Management Office,69.41469520129974
Mr Maid NY,52.571765883866796
Zara Realty,74.14568493487711
Liberty Towers,0.0
Done & Done Home,76.8727735872954
Hagstrom Management,34.44155288826915
Croman Real Estate,70.91296147372495
Corniche,77.24166778518249
Paramount Tower Luxury Apartments - Glenwood,76.55485146298834
Murray Hill Manor,77.52347625013914
Flatbush Patio,73.96523822699459
Murray Hill Mews,75.61446448848358
Realty Depot,74.91481338118231
Avalon Bay Communities,74.8318762106145
Alan Louie Group-Citi Habitats,66.93588429870485
Galster Management and East Realty,76.39642070403504
Liberty Place Property Management,78.518079326578
CNYC,78.29429703969078
Aya,76.13598767383817
Belisario Cruz Reyn Team - Compass,77.75177669246871
Organize with Faith,70.11380363151433
Liberty Harbor,0.0
